86;"com.newgrounds.components.APIConnector"
71;"NewgroundsAPIAsset_big_popup_background"
48;"APIConnector_fla.NewgroundsAPIAsset_Connection_Error_7"
44;"APIConnector_fla.NewgroundsAPIAsset_Login_Warning_5"
37;"APIConnector_fla.NewgroundsAPIAsset_API_Conencted_4"
35;"APIConnector_fla.NewgroundsAPIAsset_ConnectingAPI_2"
33;"APIConnector_fla.NewgroundsAPIAsset_Load_Indicator_3"
26;"com.newgrounds.components.FlashAd"
25;"FlashAd_fla.NewgroundsAPIAsset_FlashAd_Container_2"
24;"FlashAd_fla.NewgroundsAPIAsset_Load_Indicator_5"
10;"crate_debris_02"
7;"crate_debris_03"
4;"blank_mc"
3;"crate_hanging"
0;"Superfighters_fla.MainTimeline"
2515;"Superfighters_fla.Container_4"
2514;"Superfighters_fla.SoundContainer_830"
2513;"groovy00"
2512;"voltage_02"
2511;"svisch6"
2510;"svisch4"
2509;"shotgun_aim"
2508;"katana_01"
2507;"grenade_safe"
2506;"bullet_hitmetal_05"
2505;"bullet_hitmetal_04"
2504;"bullet_hitmetal_03"
2503;"bullet_hitmetal_02"
2502;"bullet_hitmetal_01"
2501;"bazooka_aim"
2500;"wood_impact00"
2499;"uzi01"
2498;"uzi00"
2497;"sniper01"
2496;"sniper00"
2495;"shotgun02"
2494;"shotgun01"
2493;"shotgun00"
2492;"shotgun_pump_p2"
2491;"shotgun_pump_p1"
2490;"shellbounce01"
2489;"shellbounce00"
2488;"roll"
2487;"rifle01"
2486;"rifle00"
2485;"rifle_draw"
2484;"ric00"
2483;"punch03"
2482;"punch02"
2481;"punch01"
2480;"punch00"
2479;"outofammo_light"
2478;"outofammo_heavy"
2477;"magnum"
2476;"jump_00"
2475;"heartbeat"
2474;"gun03"
2473;"gun02"
2472;"gun01"
2471;"gun00"
2470;"glass_2"
2469;"glass_1"
2468;"gib_00"
2467;"getHealth_00"
2466;"fireplosion"
2465;"explosion03"
2464;"explosion02"
2463;"explosion01"
2462;"explosion00"
2461;"dive_catch"
2460;"cut02"
2459;"cut01"
2458;"cut00"
2457;"cancel_02"
2456;"bustwood_2"
2455;"bustwood_1"
2454;"beat"
2453;"bazooka"
2452;"aim_small"
2451;"aim_big"
2450;"accept_02"
2449;"comp_explode_02"
2448;"comp_explode_01"
2447;"wilhelm"
2446;"bullet_hit_3"
2445;"bullet_hit_2"
2444;"bullet_hit_1"
2443;"ambient_loop_1"
2442;"superfighters_theme"
2440;"levels_front"
2431;"levels"
2430;"Superfighters_fla.TutorialInstructions_828"
2399;"score_info"
2396;"score_team_plate"
2395;"Superfighters_fla.score_wins_loss_825"
2392;"Superfighters_fla.score_team_pics_824"
2390;"round_winner"
2365;"press_space"
2362;"gui_holder"
2360;"Superfighters_fla.gui_player_817"
2359;"Superfighters_fla.number_00_819"
2319;"tips"
2261;"main_menu_overlay"
2260;"Superfighters_fla.menu_set_up_814"
2217;"Superfighters_fla.menu_set_up_813"
2208;"Superfighters_fla.confirm_delete_812"
2203;"Superfighters_fla.menu_stage_mode_807"
2197;"Superfighters_fla.challenge_map_808"
2187;"Superfighters_fla.menu_map_selection_797"
2186;"Superfighters_fla.toggle_map_pic_800"
2171;"Superfighters_fla.billboard_804"
2153;"Superfighters_fla.toggle_game_mode_799"
2144;"Superfighters_fla.toggle_map_name_798"
2132;"Superfighters_fla.menu_no_bots_795"
2123;"Superfighters_fla.menu_bot_6_setup_794"
2122;"Superfighters_fla.menu_bot_7_setup_790"
2121;"Superfighters_fla.com_plate_792"
2119;"Superfighters_fla.toggle_difficulty_793"
2107;"Superfighters_fla.menu_vs_2p_setup_789"
2106;"Superfighters_fla.menu_vs_1p_setup_783"
2105;"Superfighters_fla.player_plate_784"
2104;"Superfighters_fla.toggle_player_type_788"
2097;"Superfighters_fla.toggle_character_pic_787"
2092;"Superfighters_fla.toggle_character_name_786"
2075;"Superfighters_fla.toggle_team_785"
2063;"Superfighters_fla.menu_mode_selection_782"
2056;"Superfighters_fla.menu_first_choise_779"
2038;"bg_noise"
2027;"bubble"
2021;"table_small_01"
2018;"windmill_propeller"
2014;"player_jeff"
2000;"Superfighters_fla.grabbed_jeff_766"
1985;"Superfighters_fla.aim_throw_jeff_759"
1981;"Superfighters_fla.aim_flamethrower_jeff_757"
1975;"Superfighters_fla.aim_bazooka_jeff_754"
1971;"Superfighters_fla.aim_sniper_jeff_752"
1967;"Superfighters_fla.aim_shotgun_jeff_750"
1962;"Superfighters_fla.aim_uzi_jeff_748"
1958;"Superfighters_fla.aim_rifle_jeff_746"
1954;"Superfighters_fla.aim_magnum_jeff_744"
1950;"Superfighters_fla.aim_pistol_jeff_742"
1909;"Superfighters_fla.dive_jeff_726"
1891;"Superfighters_fla.fall_b_jeff_718"
1888;"Superfighters_fla.fall_f_jeff_716"
1873;"player_mac"
1859;"Superfighters_fla.grabbed_mac_706"
1844;"Superfighters_fla.aim_throw_mac_699"
1840;"Superfighters_fla.aim_flamethrower_mac_697"
1834;"Superfighters_fla.aim_bazooka_mac_694"
1830;"Superfighters_fla.aim_sniper_mac_692"
1826;"Superfighters_fla.aim_shotgun_mac_690"
1821;"Superfighters_fla.aim_uzi_mac_688"
1817;"Superfighters_fla.aim_rifle_mac_686"
1813;"Superfighters_fla.aim_magnum_mac_684"
1809;"Superfighters_fla.aim_pistol_mac_682"
1768;"Superfighters_fla.dive_mac_666"
1750;"Superfighters_fla.fall_b_mac_658"
1747;"Superfighters_fla.fall_f_mac_656"
1732;"player_funnyman"
1718;"Superfighters_fla.grabbed_funnyman_646"
1703;"Superfighters_fla.aim_throw_funnyman_639"
1699;"Superfighters_fla.aim_flamethrower_funnyman_637"
1693;"Superfighters_fla.aim_bazooka_funnyman_634"
1689;"Superfighters_fla.aim_sniper_funnyman_632"
1685;"Superfighters_fla.aim_shotgun_funnyman_630"
1680;"Superfighters_fla.aim_uzi_funnyman_628"
1676;"Superfighters_fla.aim_rifle_funnyman_626"
1672;"Superfighters_fla.aim_magnum_funnyman_624"
1668;"Superfighters_fla.aim_pistol_funnyman_622"
1627;"Superfighters_fla.dive_funnyman_606"
1609;"Superfighters_fla.fall_b_funnyman_598"
1606;"Superfighters_fla.fall_f_funnyman_596"
1591;"hit_paper"
1579;"paper"
1576;"hanging_lamp"
1571;"desk_1"
1568;"desk"
1565;"comp_screen"
1562;"comp"
1559;"player_scott"
1545;"Superfighters_fla.grabbed_scott_577"
1530;"Superfighters_fla.aim_throw_scott_570"
1526;"Superfighters_fla.aim_flamethrower_scott_568"
1520;"Superfighters_fla.aim_bazooka_scott_565"
1516;"Superfighters_fla.aim_sniper_scott_563"
1512;"Superfighters_fla.aim_shotgun_scott_561"
1507;"Superfighters_fla.aim_uzi_scott_559"
1503;"Superfighters_fla.aim_rifle_scott_557"
1499;"Superfighters_fla.aim_magnum_scott_555"
1495;"Superfighters_fla.aim_pistol_scott_553"
1454;"Superfighters_fla.dive_scott_537"
1436;"Superfighters_fla.fall_b_scott_529"
1433;"Superfighters_fla.fall_f_scott_527"
1418;"player_billy"
1404;"Superfighters_fla.grabbed_billy_517"
1389;"Superfighters_fla.aim_throw_billy_510"
1385;"Superfighters_fla.aim_flamethrower_billy_508"
1379;"Superfighters_fla.aim_bazooka_billy_505"
1375;"Superfighters_fla.aim_sniper_billy_503"
1371;"Superfighters_fla.aim_shotgun_billy_501"
1366;"Superfighters_fla.aim_uzi_billy_499"
1362;"Superfighters_fla.aim_rifle_billy_497"
1358;"Superfighters_fla.aim_magnum_billy_495"
1354;"Superfighters_fla.aim_pistol_billy_493"
1313;"Superfighters_fla.dive_billy_477"
1295;"Superfighters_fla.fall_b_billy_469"
1292;"Superfighters_fla.fall_f_billy_467"
1277;"lift_small_01"
1274;"tutorial_target_debris_03"
1271;"tutorial_target_debris_02"
1268;"tutorial_target_debris_01"
1265;"tutorial_target"
1262;"get_ready_fight"
1255;"player_burnt"
1251;"Superfighters_fla.grabbed_burnt_453"
1247;"Superfighters_fla.fall_b_burnt_450"
1244;"Superfighters_fla.fall_f_burnt_448"
1239;"Code.Particles.pickup_sign"
1208;"player_agent"
1194;"Superfighters_fla.grabbed_agent_440"
1179;"Superfighters_fla.aim_throw_agent_433"
1175;"Superfighters_fla.aim_flamethrower_agent_431"
1169;"Superfighters_fla.aim_bazooka_agent_428"
1165;"Superfighters_fla.aim_sniper_agent_426"
1161;"Superfighters_fla.aim_shotgun_agent_424"
1156;"Superfighters_fla.aim_uzi_agent_422"
1152;"Superfighters_fla.aim_rifle_agent_420"
1148;"Superfighters_fla.aim_magnum_agent_418"
1144;"Superfighters_fla.aim_pistol_agent_416"
1103;"Superfighters_fla.dive_agent_400"
1085;"Superfighters_fla.fall_b_agent_392"
1082;"Superfighters_fla.fall_f_agent_390"
1067;"electric_3"
1064;"electric_2"
1061;"electric_1"
1058;"player_sign"
1045;"fire_circle"
1043;"explosion_circle"
1036;"bullet_impact"
1033;"rope_segment_01"
1030;"crate_hanging_holder"
1027;"comfy_chair"
1024;"lamp_1_b"
1021;"lamp_1"
1018;"glass_shard_1"
1015;"window_seg"
1012;"lift_01"
1009;"smoke_weapon_muzzle"
1008;"muzzle_flash_bazooka"
1003;"player_blood"
989;"Superfighters_fla.grabbed_blood_361"
898;"Superfighters_fla.dive_blood_321"
880;"Superfighters_fla.fall_b_blood_313"
877;"Superfighters_fla.fall_f_blood_311"
862;"bullet_uzi"
859;"wpn_uzi"
855;"player_aim"
852;"bullet_magnum"
849;"wpn_slowmo_05"
846;"player_boris"
840;"Superfighters_fla.grabbed_boris_295"
828;"Superfighters_fla.aim_throw_boris_288"
825;"Superfighters_fla.aim_flamethrower_boris_286"
819;"Superfighters_fla.aim_bazooka_boris_283"
816;"Superfighters_fla.aim_sniper_boris_281"
812;"Superfighters_fla.aim_shotgun_boris_279"
807;"Superfighters_fla.aim_uzi_boris_277"
803;"Superfighters_fla.aim_rifle_boris_275"
799;"Superfighters_fla.aim_magnum_boris_273"
795;"Superfighters_fla.aim_pistol_boris_271"
779;"Superfighters_fla.dive_boris_255"
765;"Superfighters_fla.fall_b_boris_247"
762;"Superfighters_fla.fall_f_boris_245"
756;"wpn_magnum"
752;"wpn_pills"
748;"wpn_medkit"
744;"Code.Particles.blood_gib_trace"
743;"trace_sword_03"
740;"trace_sword_02"
737;"trace_sword_01"
734;"trace_machete_03"
731;"trace_machete_02"
728;"trace_machete_01"
725;"trace_axe_03"
722;"trace_axe_02"
719;"trace_axe_01"
716;"chair"
713;"gascan"
708;"trashcan"
705;"statue"
702;"statue_globe"
699;"player_johnny"
685;"Superfighters_fla.grabbed_johnny_214"
670;"Superfighters_fla.aim_throw_johnny_207"
666;"Superfighters_fla.aim_flamethrower_johnny_205"
660;"Superfighters_fla.aim_bazooka_johnny_202"
656;"Superfighters_fla.aim_sniper_johnny_200"
652;"Superfighters_fla.aim_shotgun_johnny_198"
647;"Superfighters_fla.aim_uzi_johnny_196"
643;"Superfighters_fla.aim_rifle_johnny_194"
639;"Superfighters_fla.aim_magnum_johnny_192"
635;"Superfighters_fla.aim_pistol_johnny_190"
594;"Superfighters_fla.dive_johnny_174"
576;"Superfighters_fla.fall_b_johnny_166"
573;"Superfighters_fla.fall_f_johnny_164"
558;"beachball"
553;"Code.Particles.bullet_hitdefault"
552;"Code.Particles.particle_blood"
551;"blood_particle_small"
548;"blood_particle_big"
545;"blood_3"
542;"blood_2"
539;"blood_1"
536;"hit_metal_3_1"
533;"hit_metal_2_2"
530;"hit_metal_2_1"
527;"hit_metal_1_2"
524;"hit_metal_1_1"
521;"bullet_sniper"
518;"bullet_shotgun"
515;"bullet_rifle"
512;"bullet_pistol"
508;"wpn_slowmo_10"
504;"Code.Particles.particle_bodyfall"
503;"trace_bazooka_rocket"
502;"char_gib_05"
499;"char_gib_04"
496;"bazooka_rocket"
488;"fire_03"
487;"fire_02"
486;"fire_01"
485;"fire_01_flamethrower"
482;"Code.Particles.fire_effect_flamethrower"
481;"fire_effect_flamethrower_air"
478;"wpn_flamethrower"
474;"wpn_axe"
470;"grenade_marker"
463;"fire_effect_air"
462;"player_hitarea"
439;"Superfighters_fla.grabbed_hitclip_117"
331;"Superfighters_fla.dive_hitclip_86"
308;"Superfighters_fla.fall_b_hitclip_78"
305;"Superfighters_fla.fall_f_hitclip_76"
281;"Code.Particles.fire_effect_ground"
280;"empty_shell_small"
277;"empty_shell_shotgun"
274;"empty_shell_big"
271;"wpn_machete"
267;"wpn_sword"
263;"wpn_molotovs"
259;"wpn_molotov_thrown"
256;"wpn_grenades"
252;"wpn_grenade_thrown"
249;"muzzle_flash_sniper"
248;"bullet_trace_slomo"
237;"bullet_effect_normal"
234;"muzzle_flash_shotgun"
231;"wpn_bazooka"
227;"muzzle_flash_pistol"
224;"bullet"
223;"spark"
221;"lazersight"
219;"elevator_01"
218;"button_01"
214;"wpn_sniper"
210;"wpn_shotgun"
206;"wpn_rifle"
202;"wpn_pistol"
196;"table_debris_03"
193;"table_debris_02"
190;"table_debris_01"
187;"table_01"
184;"Code.Particles.particle_impact_metal"
182;"error_mc"
179;"fire_big"
168;"gib_effect"
163;"Code.Particles.particle_impact_wood"
161;"smoke_trace_light_01"
160;"smoke_trace_01"
157;"Code.Particles.fire_effect"
156;"Code.Particles.smoke_trace_effect"
155;"barrel_debris_03"
152;"barrel_debris_02"
149;"barrel_debris_01"
146;"barrel_03"
143;"platform_motor"
141;"barrel_02"
138;"char_gib_03"
135;"char_gib_02"
132;"char_gib_01"
129;"pool_table_01"
126;"crate_debris_01"
123;"rolling_pipe"
120;"Code.Data.Players.Player"
119;"filecab_01"
116;"crate_01"
113;"barrel_01"
109;"muzzle_flash_rifle"
